count,date,time,id1 49 Accepted
1,2024-11-08,10:31:20.786
2,2024-11-08,10:31:45.502
3,2024-11-08,10:32:12.376
4,2024-11-08,10:32:52.577
5,2024-11-08,10:34:37.138
6,2024-11-08,10:35:16.084
7,2024-11-08,10:35:16.272
8,2024-11-08,10:35:25.451
9,2024-11-08,10:36:25.255
10,2024-11-08,10:38:38.732
11,2024-11-08,10:39:23.423
12,2024-11-08,10:42:40.071
13,2024-11-08,10:43:19.776
14,2024-11-08,10:43:56.134
15,2024-11-08,10:43:56.434
16,2024-11-08,10:44:51.699
17,2024-11-08,10:46:44.541
18,2024-11-08,10:47:11.452
19,2024-11-08,10:48:16.229
20,2024-11-08,10:48:47.104
21,2024-11-08,10:49:02.280
22,2024-11-08,10:49:29.320
23,2024-11-08,10:49:29.548
24,2024-11-08,10:49:48.829
25,2024-11-08,10:52:54.109
26,2024-11-08,10:53:15.587
27,2024-11-08,10:54:08.823
28,2024-11-08,10:54:18.239
29,2024-11-08,10:54:47.966
30,2024-11-08,10:55:26.295
31,2024-11-08,10:55:34.312
32,2024-11-08,10:56:00.443
33,2024-11-08,10:57:27.463
34,2024-11-08,10:58:05.241
35,2024-11-08,10:58:32.153
36,2024-11-08,10:59:25.718
37,2024-11-08,10:59:53.386
38,2024-11-08,11:02:40.450
39,2024-11-08,11:03:14.403
40,2024-11-08,11:03:22.839
41,2024-11-08,11:04:53.052
42,2024-11-08,11:05:11.510
43,2024-11-08,11:06:49.688
44,2024-11-08,11:07:22.527
45,2024-11-08,11:07:44.352
46,2024-11-08,11:08:50.271
47,2024-11-08,11:10:00.163
48,2024-11-08,11:11:55.548
49,2024-11-08,11:12:28.411
