count,date,time,id1 46 
1,2024-11-01,16:10:24.828
2,2024-11-01,16:10:25.053
3,2024-11-01,16:11:29.232
4,2024-11-01,16:11:59.372
5,2024-11-01,16:12:02.842
6,2024-11-01,16:14:22.617
7,2024-11-01,16:14:52.908
8,2024-11-01,16:15:31.563
9,2024-11-01,16:15:45.664
10,2024-11-01,16:15:59.292
11,2024-11-01,16:16:59.452
12,2024-11-01,16:17:29.025
13,2024-11-01,16:20:51.123
14,2024-11-01,16:22:27.414
15,2024-11-01,16:24:26.027
16,2024-11-01,16:26:43.921
17,2024-11-01,16:28:17.335
18,2024-11-01,16:28:18.126
19,2024-11-01,16:28:28.386
20,2024-11-01,16:29:42.584
21,2024-11-01,16:34:12.506
22,2024-11-01,16:35:04.905
23,2024-11-01,16:36:01.502
24,2024-11-01,16:36:01.895
25,2024-11-01,16:39:53.200
26,2024-11-01,16:41:54.394
27,2024-11-01,16:42:17.399
28,2024-11-01,16:44:20.448
29,2024-11-01,16:44:56.484
30,2024-11-01,16:44:56.659
31,2024-11-01,16:45:53.625
32,2024-11-01,16:45:59.753
33,2024-11-01,16:47:23.386
34,2024-11-01,16:48:14.805
35,2024-11-01,16:48:55.779
36,2024-11-01,16:49:20.214
37,2024-11-01,16:49:48.373
38,2024-11-01,16:49:57.063
39,2024-11-01,16:50:02.806
40,2024-11-01,16:53:20.888
41,2024-11-01,16:53:21.029
42,2024-11-01,16:54:50.190
43,2024-11-01,16:55:32.252
44,2024-11-01,16:55:42.055
45,2024-11-01,16:55:59.589
46,2024-11-01,16:58:05.837
